date;concentration NGL (mgN/L)
01/01/2022;38.6498384
02/01/2022;39.87764734
03/01/2022;27.86310893
04/01/2022;12.1918772
05/01/2022;28.45440112
06/01/2022;33.25264423
07/01/2022;28.32081424
08/01/2022;21.21425105
09/01/2022;14.97177825
10/01/2022;28.29529375
11/01/2022;32.2039707
12/01/2022;33.43745208
13/01/2022;35.30192068
14/01/2022;36.59532149
15/01/2022;37.2638384
16/01/2022;37.6852576
17/01/2022;38.19907309
18/01/2022;38.77356397
19/01/2022;37.76173508
20/01/2022;36.42254574
21/01/2022;38.79372729
22/01/2022;39.37161618
23/01/2022;40.43172729
24/01/2022;40.56787221
25/01/2022;40.12284806
26/01/2022;39.80905672
27/01/2022;40.74463067
28/01/2022;40.99379009
29/01/2022;40.01639395
30/01/2022;40.44701231
31/01/2022;39.59974178
01/02/2022;39.73987705
02/02/2022;40.22436497
03/02/2022;40.84729734
04/02/2022;40.32425869
05/02/2022;38.99206062
06/02/2022;33.403964
07/02/2022;30.42761789
08/02/2022;40.87418139
09/02/2022;41.03758236
10/02/2022;39.85600265
11/02/2022;38.9693698
12/02/2022;41.34639395
13/02/2022;42.87567415
14/02/2022;38.48738429
15/02/2022;38.55488188
16/02/2022;27.9285568
17/02/2022;38.16041328
18/02/2022;34.60448091
19/02/2022;37.71961618
20/02/2022;37.86451956
21/02/2022;28.7835582
22/02/2022;38.82395917
23/02/2022;39.19364033
24/02/2022;37.17865482
25/02/2022;37.87672729
26/02/2022;39.93161618
27/02/2022;40.77627848
28/02/2022;39.54874661
01/03/2022;39.96692052
02/03/2022;40.879964
03/03/2022;41.30811376
04/03/2022;44.12911485
05/03/2022;43.82033707
06/03/2022;45.07617765
07/03/2022;45.0256221
08/03/2022;43.92181798
09/03/2022;43.67347125
10/03/2022;43.34213791
11/03/2022;39.29921521
12/03/2022;37.83161618
13/03/2022;40.8192297
14/03/2022;40.1272442
15/03/2022;28.13200187
16/03/2022;40.0405727
17/03/2022;42.44011096
18/03/2022;43.03721521
19/03/2022;42.93150506
20/03/2022;43.69267898
21/03/2022;43.80660651
22/03/2022;42.56950023
23/03/2022;43.31116207
24/03/2022;43.40649057
25/03/2022;42.60794951
26/03/2022;42.88172729
27/03/2022;43.65984323
28/03/2022;43.82841047
29/03/2022;42.81623578
30/03/2022;34.52411781
31/03/2022;37.78841951
01/04/2022;38.63272729
02/04/2022;40.15639395
03/04/2022;42.56395434
04/04/2022;42.12895839
05/04/2022;42.49645676
06/04/2022;43.41585772
07/04/2022;38.62264999
08/04/2022;20.00856787
09/04/2022;18.85551613
10/04/2022;34.45173212
11/04/2022;37.7470413
12/04/2022;39.57759202
13/04/2022;25.65158127
14/04/2022;39.17186255
15/04/2022;40.61450506
16/04/2022;41.53617173
17/04/2022;41.91417173
18/04/2022;42.47413791
19/04/2022;42.25078043
20/04/2022;43.03051956
21/04/2022;43.790307
22/04/2022;43.52028284
23/04/2022;38.59688188
24/04/2022;39.0854954
25/04/2022;42.47281907
26/04/2022;40.8867611
27/04/2022;39.81302197
28/04/2022;42.87624903
29/04/2022;41.17528284
30/04/2022;37.17906062
01/05/2022;38.83667415
02/05/2022;39.6321041
03/05/2022;41.63653888
04/05/2022;40.53266932
05/05/2022;39.87801714
06/05/2022;41.77417173
07/05/2022;39.83199299
08/05/2022;42.11020555
09/05/2022;42.86427801
10/05/2022;42.58319589
11/05/2022;41.91971763
12/05/2022;41.92546969
13/05/2022;42.50450506
14/05/2022;40.7638384
15/05/2022;39.11386738
16/05/2022;30.86797974
17/05/2022;39.94153421
18/05/2022;38.37788671
19/05/2022;37.77810441
20/05/2022;28.10777077
21/05/2022;36.40128284
22/05/2022;39.79912342
23/05/2022;32.934952
24/05/2022;32.47888188
25/05/2022;39.10017173
26/05/2022;39.35940845
27/05/2022;38.5191041
28/05/2022;39.33894951
29/05/2022;40.85111859
30/05/2022;42.30512342
31/05/2022;43.70694951
01/06/2022;43.13382874
02/06/2022;43.18800265
03/06/2022;41.9443698
04/06/2022;29.66650506
05/06/2022;24.30700748
06/06/2022;31.46898816
07/06/2022;36.87325869
08/06/2022;18.19665872
09/06/2022;34.46689497
10/06/2022;40.8711041
11/06/2022;39.75817173
12/06/2022;41.59648387
13/06/2022;42.4818546
14/06/2022;42.00152501
15/06/2022;39.97378526
16/06/2022;39.22571248
17/06/2022;38.34961618
18/06/2022;36.78939395
19/06/2022;32.85427801
20/06/2022;21.56974568
21/06/2022;38.45570376
22/06/2022;38.60751005
23/06/2022;30.53920118
24/06/2022;27.68939395
25/06/2022;38.02741328
26/06/2022;40.07021661
27/06/2022;39.88779991
28/06/2022;39.98131214
29/06/2022;40.11235188
30/06/2022;25.49896774
01/07/2022;35.19954854
02/07/2022;39.14883357
03/07/2022;40.09254854
04/07/2022;40.64182874
05/07/2022;40.75281424
06/07/2022;41.38616207
07/07/2022;40.24969347
08/07/2022;40.8828384
09/07/2022;38.01107994
10/07/2022;40.1332297
11/07/2022;39.59521038
12/07/2022;37.6574954
13/07/2022;35.44738912
14/07/2022;35.5719012
15/07/2022;35.40806062
16/07/2022;34.95201231
17/07/2022;36.25965965
18/07/2022;35.53623142
19/07/2022;35.43592535
20/07/2022;26.64913308
21/07/2022;33.45551878
22/07/2022;34.8768384
23/07/2022;32.26252439
24/07/2022;35.97881424
25/07/2022;34.75800748
26/07/2022;35.4990268
27/07/2022;35.12166932
28/07/2022;36.03572729
29/07/2022;36.2698384
30/07/2022;34.4101041
31/07/2022;35.51170033
01/08/2022;34.83756989
02/08/2022;33.99279523
03/08/2022;31.82815241
04/08/2022;30.74991569
05/08/2022;21.00730217
06/08/2022;27.98528767
07/08/2022;31.1816609
08/08/2022;31.17349914
09/08/2022;33.07412186
10/08/2022;32.5496782
11/08/2022;31.27436699
12/08/2022;31.19506748
13/08/2022;30.37888188
14/08/2022;28.22741328
15/08/2022;24.70972511
16/08/2022;17.71402525
17/08/2022;17.7994019
18/08/2022;25.90146938
19/08/2022;29.37406062
20/08/2022;30.72614275
21/08/2022;29.34707511
22/08/2022;32.66719464
23/08/2022;34.6404834
24/08/2022;34.13871965
25/08/2022;34.84697849
26/08/2022;34.86517173
27/08/2022;35.54806062
28/08/2022;37.43055337
29/08/2022;38.63533115
30/08/2022;32.83135048
31/08/2022;39.13300748
01/09/2022;39.41892535
02/09/2022;36.78317173
03/09/2022;39.81954091
04/09/2022;40.96961134
05/09/2022;29.63184323
06/09/2022;27.80282952
07/09/2022;34.45579009
08/09/2022;31.52751675
09/09/2022;35.98567898
10/09/2022;28.98172246
11/09/2022;32.59406062
12/09/2022;38.25451566
13/09/2022;39.82211859
14/09/2022;38.70867898
15/09/2022;40.97891959
16/09/2022;42.21828284
17/09/2022;42.70206062
18/09/2022;43.27974661
19/09/2022;40.92987705
20/09/2022;41.15431666
21/09/2022;41.66575627
22/09/2022;43.31311142
23/09/2022;43.14921521
24/09/2022;41.88461618
25/09/2022;41.94913791
26/09/2022;27.19954231
27/09/2022;28.08587081
28/09/2022;31.42877061
29/09/2022;34.59055509
30/09/2022;39.25021521
01/10/2022;31.04239395
02/10/2022;33.15828004
03/10/2022;38.21384323
04/10/2022;43.65297849
05/10/2022;44.07054371
06/10/2022;44.58600748
07/10/2022;45.32756787
08/10/2022;44.02428284
09/10/2022;45.99933115
10/10/2022;44.4112442
11/10/2022;45.33781424
12/10/2022;45.72961134
13/10/2022;40.77878526
14/10/2022;34.67299299
15/10/2022;25.65939395
16/10/2022;42.16458236
17/10/2022;30.79800265
18/10/2022;29.36617158
19/10/2022;43.0621041
20/10/2022;35.15984806
21/10/2022;21.52232632
22/10/2022;38.92270313
23/10/2022;43.48244226
24/10/2022;44.43068864
25/10/2022;46.97872246
26/10/2022;46.35741328
27/10/2022;45.79700748
28/10/2022;44.62317173
29/10/2022;44.77717173
30/10/2022;45.56668381
31/10/2022;44.26823453
01/11/2022;42.08737946
02/11/2022;43.98204613
03/11/2022;38.60296883
04/11/2022;38.45617173
05/11/2022;44.16350506
06/11/2022;28.73797366
07/11/2022;36.40457176
08/11/2022;44.67045146
09/11/2022;44.45872246
10/11/2022;45.28194951
11/11/2022;45.52539395
12/11/2022;44.52517173
13/11/2022;46.06547608
14/11/2022;43.99479492
15/11/2022;43.36530544
16/11/2022;35.40612218
17/11/2022;18.78018622
18/11/2022;40.99787424
19/11/2022;43.21370313
20/11/2022;42.33670796
21/11/2022;38.67766932
22/11/2022;33.40998333
23/11/2022;33.58498333
24/11/2022;36.86642122
25/11/2022;40.88906062
26/11/2022;43.97196883
27/11/2022;40.80036014
28/11/2022;26.11456304
29/11/2022;44.3657611
30/11/2022;45.14891569
01/12/2022;46.02276593
02/12/2022;46.39494951
03/12/2022;39.7068384
04/12/2022;45.28817173
05/12/2022;34.05367898
06/12/2022;41.8416355
07/12/2022;45.56867898
08/12/2022;45.01398816
09/12/2022;47.06228284
10/12/2022;45.90028284
11/12/2022;47.07161618
12/12/2022;46.65465965
13/12/2022;49.75755119
14/12/2022;51.32845177
15/12/2022;53.39090136
16/12/2022;45.59461618
17/12/2022;45.1248384
18/12/2022;42.55401231
19/12/2022;32.27496883
20/12/2022;28.92981424
21/12/2022;25.25981907
22/12/2022;19.56621412
23/12/2022;24.47865965
24/12/2022;35.86072729
25/12/2022;37.11961134
26/12/2022;37.41418622
27/12/2022;38.69376593
28/12/2022;36.43340845
29/12/2022;26.89234081
30/12/2022;31.63634564
31/12/2022;35.83817173
;
;
;
;
;
;
;
;
;
;
;
;
;
;
;
;
;
;
;
;
;
;
;
;
;
;
;
;
;
;
;
;
;
;
;
;
;
;
;
;
;
;
;
;
;
;
;
;
;
;
;
;
;
;
;
;
;
;
;
;
;
;
;
;
;
;
;
;
;
;
;
;
;
;
;
;
;
;
;
;
;
;
;
;
;
;
;
;
;
;
;
;
;
;
;
;
;
;
;
;
;
;
;
;
;
;
;
;
;
;
;
;
;
;
;
;
;
;
;
;
;
;
;
;
;
;
;
;
;
;
;
;
;
;
;
;
;
;
;
;
;
;
;
;
;
;
;
;
;
;
;
;
;
;
;
;
;
;
;
;
;
;
;
;
;
;
;
;
;
;
;
;
;
;
;
;
;
;
;
;
;
;
;
;
;
;
;
;
;
;
;
;
;
;
;
;
;
;
;
;
;
;
;
;
;
;
;
;
;
;
;
;
;
;
;
;
;
;
;
;
;
;
;
;
;
;
;
;
;
;
;
;
;
;
;
;
;
;
;
;
;
;
;
;
;
;
;
;
;
;
;
;
;
;
;
;
;
;
;
;
;
;
;
;
;
;
;
;
;
;
;
;
;
;
;
;
;
;
;
;
;
;
;
;
;
;
;
;
;
;
;
;
;
;
;
;
;
;
;
;
;
;
;
;
;
;
;
;
;
;
;
;
;
;
;
;
;
;
;
;
;
;
;
;
;
;
;
;
;
;
;
;
;
;
;
;
;
;
;
;
;
;
;
;
;
;
;
;
;
;
;
;
;
;
;
;
;
;
;
;
;
;
;
;
;
;
;
;
;
;
;
;
;
;
;
;
;
;
;
;
;
;
;
;
;
;
;
;
;
;
;
;
;
;
